"CASSSTGLPYGYTF","PKYVKQNTLKLAT"
"CASSSTGLPYGYTF","PKYVKQNTLKLAT"
"CASSSRSSYEQYF","PKYVKQNTLKLAT
"CASSSRSSYEQYF",PKYVKQNTLKLAT
"CASSVVPEWEGELFF",PKYVKQNTLKLAT
"CASSPLTGGQTDTQYF",PKYVKQNTLKLAT
"CASSSPSLADNNEQFF",PKYVKQNTLKLAT"
"CASRTGTHTDTQYF",PKYVKQNTLKLAT"
"CASSLSPELETQYF",PKYVKQNTLKLAT"
"CASSVGQGKAFF",PKYVKQNTLKLAT"
"CASSLGQGEQFF",PKYVKQNTLKLAT"
"CASSLSQGDQPQHF",PKYVKQNTLKLAT"
"CASSAGFSEQFF,PKYVKQNTLKLAT"
"CSARGQAIYGYTF,PKYVKQNTLKLAT"
"CASSLAPELDTQYF,PKYVKQNTLKLAT"
CASSVLTDNGYTF,PKYVKQNTLKLAT
CASTGSSYEQYF,PKYVKQNTLKLAT
CASSTTQGFYEQYF,PKYVKQNTLKLAT
CASSQPAGPSTDTQYF,PKYVKQNTLKLAT
CASGPLGGDNQPQHF,PKYVKQNTLKLAT
CASVPGLSYEQYF,PKYVKQNTLKLAT
CASSVAPGSEGEAFF,PKYVKQNTLKLAT
CSAGGWDRVNQPQHF,PKYVKQNTLKLAT
CASSESQTGDYEQYF,PKYVKQNTLKLAT
CATSDSTSGGTDTQYF,PKYVKQNTLKLAT
CASSFSAEATGELFF,PKYVKQNTLKLAT
CASSFSAEATGELFF,PKYVKQNTLKLAT
CASSEFWDGYTF,PKYVKQNTLKLAT
CASSSGPAFF,PKYVKQNTLKLAT
CASSSIKGAFF,PKYVKQNTLKLAT
CASSPGGGRNTYEQYF,PKYVKQNTLKLAT
CASSGPGQGTDTQYF,PKYVKQNTLKLAT
CASSLTGWQYF,PKYVKQNTLKLAT
CASVASPGTSALDYEQYF,PKYVKQNTLKLAT
CASSSGPPAKAFF,PKYVKQNTLKLAT
CASTPSPGVSSIGYEQYF,PKYVKQNTLKLAT
CASSQEEGGQPQHF,PKYVKQNTLKLAT
CASRPEKETGELFF,PKYVKQNTLKLAT
CASRPEKETGELFF,PKYVKQNTLKLAT
CASSYVGQGLGETQYF,PKYVKQNTLKLAT
CASSLEGQDYEQYF,PKYVKQNTLKLAT
CASSRDWETYEQYF,PKYVKQNTLKLAT
CASSLGNGNTIYF,PKYVKQNTLKLAT
CASSQDPTGYSGANVLTF,PKYVKQNTLKLAT
CASSVGRNTEAFF,PKYVKQNTLKLAT
CATSDFGEGTDTQYF,PKYVKQNTLKLAT
CATSDFGEGTDTQYF,PKYVKQNTLKLAT
CATSDFGEGTDTQYF,PKYVKQNTLKLAT
CATSDFGEGTDTQYF,PKYVKQNTLKLAT
CATSDPGQGAGDTQYF,PKYVKQNTLKLAT
CASWVGGREDSAQHF,PKYVKQNTLKLAT
CASPPAGDITGETQYF,PKYVKQNTLKLAT
CASSPGGGRGSYEQYF,PKYVKQNTLKLAT
CASSQGDRGNIQYF,PKYVKQNTLKLAT
CASSYDTNTEAFF,PKYVKQNTLKLAT
CASSLDGQDYEQYF,PKYVKQNTLKLAT
CSARATSGKATGELFF,none
CATSRDGGSGNTIYF,none
CASSPWEGAQQGYTF,none
CASGRLGGPETQYF,none
CASSKGGGDTQYF,none
CASSLWGLAGVTGELFF,none
CASSLSPTVQETQYF,none
CASSQLAGESEQYF,none
CASRPTGSSGNTIYF,none
CSARGEGSSNDGYTF,none
CATSDPGTDSLETQYF,none
CASSVSRDTEAFF,none
CASRRTLDEQFF,none
CASSSLGTGSSPLHF,none
CASSLEISNTEAFF,none
CASSLANNEQFF,none
CASSLMGTGRNYGYTF,none
CASSPTGVGAETQYF,none
CASSQDRGRYEQYF,none
CASSGGTGNQPQHF,none
CSARAPDRPETQYF,none
CASSLRGSLSYEQYF,none
CASSRGAPYNEQFF,none
CASSLVGEGNSPLHF,none
CAIRTTDANEQFF,none
CASSQGLAVTGELFF,none
CASSKRGNQPQHF,none
CSARDSRDYSYEQYF,none
CATSRDSLAGSTDTQYF,none
CASSLRGNTGELFF,none
CASRGDGNQPQHF,none
CASSHPIVGNEQFF,none
CASSVAGVVSTGELFF,none
CASSSGGISTEAFF,none
CASSSGLARASDTQYF,none
CASSPDEEKLFF,none
CASSMEGLGNYGYTF,none
CSATPGELEKLFF,none
CASSLSQRETQYF,none
CATSRDLASGYNEQFF,none
CASSLWDSEQFF,none
CASSLSGNQPQHF,none
CASSGLAVGEQYF,none
CASSLDSRQETQYF,none
CASSRKTGNGDEQYF,none
CASSSRTGGRYEQYF,none
CASSFAPGASGRSYNEQFF,none
CASSPAGGEKLFF,none
CASRTGENTGELFF,none
CASRPEWHTSGNTIYF,none
CASSLEEGTGELFF,none
CASSGGTGDDNEQFF,none
CASGLADRPYEQYF,none
CASSLVGTGANVLTF,none
CATSDSLTPRETDTQYF,none
CAISEGLAGVFNEQFF,none
